Length,Time
0,0
1500,0.000002
3000,0.000003
4500,0.000005
6000,0.000006
7500,0.000008
9000,0.000009
10500,0.000011
12000,0.000012
13500,0.000014
15000,0.000015
16500,0.000017
18000,0.000018
19500,0.000019
21000,0.000021
22500,0.000022
24000,0.000024
25500,0.000025
27000,0.000027
28500,0.000028
30000,0.000029
