Length,Time
1500,0.000003
3000,0.000006
4500,0.000009
6000,0.000011
7500,0.000014
9000,0.000017
10500,0.000020
12000,0.000023
13500,0.000025
15000,0.000028
16500,0.000031
18000,0.000034
19500,0.000036
21000,0.000039
22500,0.000042
24000,0.000045
25500,0.000047
27000,0.000050
28500,0.000053
30000,0.000056
