Length,Time
1500,0.000005
3000,0.000008
4500,0.000013
6000,0.000017
7500,0.000021
9000,0.000025
10500,0.000029
12000,0.000033
13500,0.000036
15000,0.000040
16500,0.000044
18000,0.000048
19500,0.000052
21000,0.000056
22500,0.000060
24000,0.000064
25500,0.000068
27000,0.000072
28500,0.000076
30000,0.000080
