Length,Time
0,0
1500,0.000069
3000,0.000142
4500,0.000215
6000,0.000287
7500,0.000360
9000,0.000431
10500,0.000505
12000,0.000577
13500,0.000649
15000,0.000722
16500,0.000795
18000,0.000865
19500,0.000939
21000,0.001008
22500,0.001077
24000,0.001150
25500,0.001227
27000,0.001320
28500,0.001392
30000,0.001466
