Length,Time
1500,0.000041
3000,0.000083
4500,0.000126
6000,0.000168
7500,0.000214
9000,0.000258
10500,0.000303
12000,0.000348
13500,0.000393
15000,0.000438
16500,0.000483
18000,0.000527
19500,0.000575
21000,0.000621
22500,0.000667
24000,0.000706
25500,0.000758
27000,0.000800
28500,0.000849
30000,0.000894
