Length,Time
1500,0.000075
3000,0.000152
4500,0.000230
6000,0.000305
7500,0.000381
9000,0.000458
10500,0.000534
12000,0.000611
13500,0.000687
15000,0.000763
16500,0.000840
18000,0.000916
19500,0.000993
21000,0.001071
22500,0.001140
24000,0.001216
25500,0.001293
27000,0.001377
28500,0.001473
30000,0.001552
