Length,Time
0,0
1500,0.000078
3000,0.000164
4500,0.000255
6000,0.000348
7500,0.000443
9000,0.000539
10500,0.000637
12000,0.000736
13500,0.000836
15000,0.000936
16500,0.001036
18000,0.001139
19500,0.001241
21000,0.001341
22500,0.001446
24000,0.001550
25500,0.001657
27000,0.001759
28500,0.001858
30000,0.001968
