Length,Time
0,0
1500,0.000068
3000,0.000147
4500,0.000229
6000,0.000314
7500,0.000401
9000,0.000489
10500,0.000578
12000,0.000667
13500,0.000758
15000,0.000850
16500,0.000944
18000,0.001040
19500,0.001132
21000,0.001228
22500,0.001324
24000,0.001419
25500,0.001513
27000,0.001611
28500,0.001708
30000,0.001806
