Length,Time
0,0
1500,0.000062
3000,0.000132
4500,0.000206
6000,0.000282
7500,0.000360
9000,0.000438
10500,0.000523
12000,0.000603
13500,0.000679
15000,0.000756
16500,0.000842
18000,0.000920
19500,0.001015
21000,0.001103
22500,0.001188
24000,0.001277
25500,0.001351
27000,0.001439
28500,0.001527
30000,0.001615
