Length,Time
0,0
1500,0.000018
3000,0.000037
4500,0.000052
6000,0.000078
7500,0.000089
9000,0.000109
10500,0.000134
12000,0.000161
13500,0.000174
15000,0.000192
16500,0.000206
18000,0.000234
19500,0.000264
21000,0.000291
22500,0.000320
24000,0.000348
25500,0.000364
27000,0.000376
28500,0.000389
30000,0.000402
