Length,Time
1500,0.000146
3000,0.000287
4500,0.000433
6000,0.000586
7500,0.000734
9000,0.000882
10500,0.001277
12000,0.001461
13500,0.001642
15000,0.001813
16500,0.001996
18000,0.002185
19500,0.002365
21000,0.002550
22500,0.002733
24000,0.002919
25500,0.003100
27000,0.003287
28500,0.003465
30000,0.003644
