Length,Time
1500,0.000146
3000,0.000289
4500,0.000434
6000,0.000580
7500,0.000724
9000,0.000869
10500,0.001261
12000,0.001441
13500,0.001620
15000,0.001799
16500,0.001983
18000,0.002162
19500,0.002338
21000,0.002522
22500,0.002708
24000,0.002921
25500,0.003088
27000,0.003282
28500,0.003475
30000,0.003665
